{
  "artifacts": {
    "sklearn_model": "model.joblib"
  },
  "candidate_metrics": {
    "baseline_moving_average": {
      "mae": 3.7940647482014387,
      "r2": -0.9914854678026126,
      "rmse": 5.607297394711806
    },
    "baseline_persistence": {
      "mae": 0.7050359712230215,
      "r2": 0.856918063742042,
      "rmse": 1.502994612683424
    },
    "baseline_train_mean": {
      "mae": 12.381294964028784,
      "r2": -9.709617036342548,
      "rmse": 13.003252331319555
    },
    "hist_gradient_boosting": {
      "mae": 1.0756938209261615,
      "r2": 0.8940771993300848,
      "rmse": 1.2931822866788751
    },
    "random_forest": {
      "mae": 0.5609750485325956,
      "r2": 0.9714814525045369,
      "rmse": 0.6710095801776491
    },
    "ridge": {
      "mae": 0.31745583894063767,
      "r2": 0.9906120147991859,
      "rmse": 0.38499156796978234
    },
    "tensorflow_dense": {
      "mae": 11.898771080181753,
      "r2": -10.055755849660056,
      "rmse": 13.211716297988438
    }
  },
  "feature_columns": [
    "co",
    "no",
    "no2",
    "o3",
    "so2",
    "pm2_5",
    "pm10",
    "nh3",
    "hour",
    "day",
    "month",
    "weekday",
    "is_weekend",
    "aqi_lag_1h",
    "aqi_rolling_3h",
    "aqi_rolling_24h",
    "aqi_change_rate",
    "forecast_horizon"
  ],
  "feature_schema": {
    "all_feature_columns": [
      "co",
      "no",
      "no2",
      "o3",
      "so2",
      "pm2_5",
      "pm10",
      "nh3",
      "temp",
      "feels_like",
      "pressure",
      "humidity",
      "wind_speed",
      "wind_deg",
      "clouds",
      "hour",
      "day",
      "month",
      "weekday",
      "is_weekend",
      "aqi_lag_1h",
      "aqi_rolling_3h",
      "aqi_rolling_24h",
      "aqi_change_rate",
      "forecast_horizon"
    ],
    "excluded_feature_columns": [
      "temp",
      "feels_like",
      "pressure",
      "humidity",
      "wind_speed",
      "wind_deg",
      "clouds"
    ],
    "feature_columns": [
      "co",
      "no",
      "no2",
      "o3",
      "so2",
      "pm2_5",
      "pm10",
      "nh3",
      "hour",
      "day",
      "month",
      "weekday",
      "is_weekend",
      "aqi_lag_1h",
      "aqi_rolling_3h",
      "aqi_rolling_24h",
      "aqi_change_rate",
      "forecast_horizon"
    ],
    "weather_missing_fraction": {
      "clouds": 0.9913669064748202,
      "feels_like": 0.9913669064748202,
      "humidity": 0.9913669064748202,
      "pressure": 0.9913669064748202,
      "temp": 0.9913669064748202,
      "wind_deg": 0.9913669064748202,
      "wind_speed": 0.9913669064748202
    },
    "weather_missing_threshold": 0.5
  },
  "metrics": {
    "mae": 0.31745583894063767,
    "r2": 0.9906120147991859,
    "rmse": 0.38499156796978234
  },
  "model_name": "ridge",
  "model_type": "sklearn",
  "registry": {
    "model_name": "karachi_aqi_predictor",
    "registered": true,
    "source": "hopsworks_model_registry",
    "version": 4
  },
  "target": "aqi_score",
  "tensorflow_experiment": {
    "artifacts": {
      "keras_model": "tensorflow_experiment/model.keras",
      "scaler": "tensorflow_experiment/scaler.joblib"
    },
    "metrics": {
      "mae": 11.898771080181753,
      "r2": -10.055755849660056,
      "rmse": 13.211716297988438
    },
    "model_type": "tensorflow_keras",
    "name": "tensorflow_dense",
    "path": "models/latest/tensorflow_experiment"
  },
  "test_rows": 139,
  "trained_at": "2026-05-30T13:41:02Z",
  "training_rows": 695
}